"cz","Name","Density_of_Jobs_in_2013"
"cz19400","New York, NY",2595
"cz24300","Chicago, IL",911.2
"cz19600","Newark, NJ & NY",844.3
"cz34701","Honolulu, HI",718.2
"cz37800","San Francisco, CA",621.2
"cz20500","Boston, MA",605.8
"cz11302","Baltimore, MD",599.8
"cz11304","Washington DC, DC & MD & VA",569.9
"cz19700","Philadelphia, NJ & PA",531.9
"cz6700","Tampa, FL",526.3
"cz7000","Miami, FL",524.6
"cz19500","Toms River, NJ",497.6
"cz20401","Providence, MA & RI",483.2
"cz9100","Atlanta, GA",440.1
"cz33100","Dallas, TX",404.3
"cz19800","Wilmington, DE & MD",397.4
"cz15200","Cleveland, OH",387.9
"cz20901","Bridgeport, CT",354.7
"cz32000","Houston, TX",354.5
"cz38000","San Diego, CA",338.1
"cz11600","Detroit, MI",330.6
"cz19000","Allentown, PA",312.4
"cz21501","Minneapolis, MN & WI",309.4
"cz24100","Milwaukee, WI",294.1
"cz7400","Orlando, FL",278.8
"cz12701","Cincinnati, KY & OH",244.7
"cz14200","Indianapolis, IN",223.5
"cz2000","Virginia Beach, NC & VA",218.4
"cz15900","Columbus, OH",210.4
"cz38300","Los Angeles, AZ & CA",209.6
"cz19100","Reading, PA",197.4
"cz37500","San Jose, CA",196.2
"cz900","Charlotte, NC & SC",194.6
"cz24701","St. Louis, IL & MO",194.1
"cz7300","Palm Bay, FL",192.8
"cz33000","Fort Worth, TX",190.7
"cz16300","Pittsburgh, PA",179.1
"cz1701","Raleigh, NC",177.9
"cz38801","Portland, OR & WA",176.1
"cz39400","Seattle, WA",174.7
"cz18000","Buffalo, NY",173.7
"cz20800","Springfield, MA",172.5
"cz5600","Nashville, TN",170.2
"cz28900","Denver, CO",168.9
"cz13101","Louisville, IN & KY",164.1
"cz14900","Gary, IN",163.6
"cz15100","Lorain, OH",163
"cz24000","Kenosha, WI",160.1
"cz7200","Cape Coral, FL",151.6
"cz31201","Austin, TX",150.6
"cz7600","Jacksonville, FL & GA",149.1
"cz19200","Harrisburg, PA",148.6
"cz13501","Toledo, MI & OH",146.6
"cz29502","Kansas City, KS & MO",145.8
"cz7100","Port St. Lucie, FL",144.4
"cz3300","New Orleans, LA",144.1
"cz6900","Sarasota, FL",144
"cz2500","Newport News, VA",138.1
"cz5202","Memphis, MS & TN",137.7
"cz2400","Richmond, VA",137
"cz20402","Nantucket, MA",135.9
"cz20600","Manchester, ME & NH",131.5
"cz11700","Lansing, MI",130.4
"cz12501","Dayton, OH",130.1
"cz37400","Sacramento, CA & NV",126.3
"cz401","Winston-Salem, NC",125.7
"cz16400","Youngstown, OH & PA",124.2
"cz7500","Deltona, FL",121.8
"cz12200","Grand Rapids, MI",121.3
"cz500","Greensboro, NC & VA",121.2
"cz11301","Fredericksburg, VA",115.6
"cz800","Gastonia, NC",115
"cz302","Knoxville, TN",114.2
"cz19300","Poughkeepsie, NY",113.1
"cz1100","Hickory, NC",112.3
"cz31600","Brownsville, TX",111.4
"cz10700","Birmingham, AL",110.4
"cz31301","San Antonio, TX",107.2
"cz9301","Winder, GA",101.1
"cz35001","Phoenix, AZ",100.2
"cz12901","Lexington-Fayette, KY",100
"cz18800","Scranton, PA",99.39
"cz6401","Chattanooga, GA & TN",98.82
"cz13600","South Bend, IN & MI",97.24
"cz28202","Omaha, IA & NE",97.16
"cz8300","Greenville, SC",96.2
"cz12100","Kalamazoo, MI",95.93
"cz17400","Hagerstown, MD & PA & WV",95.79
"cz33803","Oklahoma City, OK",95.45
"cz15000","Canton, OH",93.42
"cz8202","Charleston, SC",92.74
"cz9400","Gainesville, GA",92.27
"cz18600","Albany, NY",92.24
"cz8800","Savannah, GA & SC",90.38
"cz1203","Asheville, NC",88.15
"cz3500","Baton Rouge, LA",88.11
"cz22400","Sheboygan, WI",87.81
"cz6000","Huntsville, AL & TN",86.91
"cz6800","Lakeland, FL",86.5
"cz19901","Dover, DE & MD",86.19
"cz14100","Fort Wayne, IN",85.48
"cz10900","Pensacola, FL",85.13
"cz15500","Steubenville, OH & WV",84.72
"cz700","Spartanburg, NC & SC",84.41
"cz27501","Des Moines, IA",84.18
"cz20403","Oak Bluffs, MA",82.77
"cz23100","Madison, WI",82.16
"cz8100","Columbia, SC",80.78
"cz22500","Oshkosh, WI",79.6
"cz17700","Syracuse, NY",78.17
"cz13700","Concord, IN & MI",76.4
"cz7800","Ocala, FL",75.91
"cz14000","Muncie, IN",73.87
"cz22601","Green Bay, WI",73.47
"cz23801","Davenport, IA & IL",71.98
"cz4200","Little Rock, AR",71.59
"cz36100","Salt Lake City, UT",70.66
"cz18700","Sunbury, PA",69.81
"cz1600","Wilson, NC",67.3
"cz34703","Kahului, HI",65.21
"cz100","Johnson City, TN & VA",64.64
"cz24400","Rockford, IL",64.5
"cz200","Morristown, TN",64.44
"cz1400","Fayetteville, NC",63.76
"cz16600","Roanoke, VA & WV",63.7
"cz6600","Rome, AL & GA",63.12
"cz17900","Union, NY & PA",62.86
"cz11500","Jackson, MI",62.79
"cz16000","Mansfield, OH",62.46
"cz28401","Colorado Springs, CO",62.26
"cz30300","Fayetteville, AR & MO & OK",61.09
"cz1900","Jacksonville, NC",61.08
"cz30402","Tulsa, OK",59.34
"cz14700","Evansville, IL & IN",58.57
"cz21400","St. Cloud, MN",58.23
"cz8900","Macon, GA",58.06
"cz17502","Winchester, VA & WV",57.69
"cz8401","Aiken, GA & SC",57.33
"cz16702","Morgantown, WV",57.17
"cz28101","Lincoln, NE",56.88
"cz22200","Cedar Rapids, IA",56.41
"cz32900","Killeen, TX",56.06
"cz13400","Lima, OH",55.74
"cz38200","Santa Barbara, CA",54.78
"cz2300","Lynchburg, VA",54.76
"cz20200","Burlington, VT",54.48
"cz1500","Wilmington, NC",54.12
"cz14300","Columbus, IN",53.77
"cz9200","Griffin, GA",53.56
"cz31900","Pearland, TX",53.54
"cz9600","LaGrange, AL & GA",53.48
"cz24900","Edwardsville, IL",52.82
"cz29301","Wichita, KS",52.75
"cz3003","Jackson, MS",51.94
"cz16200","Altoona, PA",51.92
"cz3800","Lafayette, LA",51.76
"cz34702","Kapaa, HI",51.73
"cz16500","Erie, NY & PA",51.56
"cz24802","Springfield, IL",51.44
"cz1302","Florence, SC",51.35
"cz11900","Saginaw, MI",51.3
"cz9701","Columbus, AL & GA",51.17
"cz23900","Peoria, IL",50.86
"cz12600","Wayne, IN",50.44
"cz13300","Findlay, OH",49.62
"cz20902","Pittsfield, MA & VT",49.38
"cz22100","Iowa City, IA",49.28
"cz17100","Huntington, KY & OH & WV",49.26
"cz17600","Charlottesville, VA",48.95
"cz10000","Panama City, FL",48.78
"cz11101","Montgomery, AL",48.46
"cz29204","Topeka, KS",47.45
"cz26503","Sioux Falls, SD",47.26
"cz6502","Cleveland, TN",47.14
"cz37000","Modesto, CA",47.12
"cz19902","Easton, MD",46.87
"cz21302","Owatonna, MN",46.76
"cz37700","Santa Rosa, CA",46.65
"cz1002","Morganton, NC",46.14
"cz16901","Charleston, WV",46.11
"cz13800","Wayne, IN",46.07
"cz37200","Fresno, CA",45.9
"cz7900","Gainesville, FL",45.59
"cz2700","Gulfport, MS",45.47
"cz1001","Boone, NC & TN",45.33
"cz23500","Decatur, IL",45.06
"cz39302","Bellingham, WA",44.88
"cz38901","Eugene, OR",44.86
"cz5401","Bowling Green, KY",44.84
"cz29601","Columbia, MO",44.58
"cz29501","Leavenworth, KS",44.34
"cz11001","Mobile, AL",44.15
"cz1800","Goldsboro, NC",44.13
"cz25402","Murray, KY",43.7
"cz14600","Bloomington, IN",43.69
"cz14500","Lafayette, IL & IN",43.6
"cz13900","Center, IN",43.49
"cz30601","El Paso, NM & TX",43.41
"cz4402","Richmond, KY",43.22
"cz6100","Gadsden, AL",42.97
"cz21701","Rochester, MN",42.75
"cz37100","Bakersfield, CA",42.7
"cz9800","Auburn, AL",42.58
"cz31800","College Station, TX",42.55
"cz18100","Elmira, NY & PA",42.54
"cz20700","Keene, NH & VT",42.18
"cz39301","Friday Harbor, WA",42.11
"cz29700","Springfield, MO",42.09
"cz23400","Bloomington, IL",41.9
"cz5900","Clarksville, KY & TN",41.74
"cz3400","Houma, LA",39.86
"cz17200","Harrisonburg, VA & WV",39.86
"cz28800","Fort Collins, CO",39.13
"cz5700","Tullahoma, TN",39.08
"cz15600","Wheeling, OH & WV",38.98
"cz16100","State College, PA",38.61
"cz402","Martinsville, VA",38.21
"cz33300","Tyler, TX",38.1
"cz14400","Terre Haute, IN",37.63
"cz33400","Longview, TX",37.35
"cz12903","Danville, KY",37.3
"cz9900","Tallahassee, FL",37.06
"cz29901","Joplin, KS & MO & OK",36.42
"cz12800","Washington, IN",36.19
"cz8602","Brunswick, GA",36.15
"cz4901","Jackson, TN",36.13
"cz15300","Parkersburg, OH & WV",36.11
"cz32801","Waco, TX",35.8
"cz24200","Bourbonnais, IL",35.73
"cz12301","Traverse City, MI",35.16
"cz9302","Toccoa, GA",35.03
"cz13102","Madison, IN & KY",35.01
"cz11800","Mount Pleasant, MI",34.95
"cz22900","La Crosse, MN & WI",34.94
"cz13000","Elizabethtown, KY",34.84
"cz8000","Sumter, SC",34.69
"cz13502","Defiance, OH",34.52
"cz22001","Waterloo, IA",34.42
"cz6302","Cookeville, TN",34.22
"cz20100","Portland, ME",34.17
"cz21301","Mankato, MN",33.51
"cz32100","Beaumont, TX",33.14
"cz1702","Henderson, NC",33.06
"cz10302","Dothan, AL",33.01
"cz601","North Wilkesboro, NC",33
"cz8503","Valdosta, GA",32.91
"cz4002","Shreveport, LA",32.89
"cz13200","Owensboro, KY",32.75
"cz37300","Chico, CA",32.73
"cz15700","Scioto, OH",32.63
"cz15400","Zanesville, OH",32.61
"cz13103","Bardstown, KY",32.43
"cz12502","Washington Court House, OH",32.35
"cz33902","Sherman, OK & TX",32.16
"cz20302","Claremont, NH & VT",32.05
"cz5500","Columbia, TN",31.27
"cz19903","Chincoteague, VA",31.07
"cz25401","Paducah, IL & KY",30.75
"cz30802","Lubbock, TX",30.44
"cz6200","Florence, AL & TN",29.83
"cz22800","Eau Claire, MN & WI",29.69
"cz15800","Athens, OH & WV",29.6
"cz35100","Tucson, AZ",29.52
"cz2900","Hattiesburg, MS",29.2
"cz25601","Carbondale, IL",29.17
"cz30401","Stillwater, OK",29.02
"cz18900","Williamsport, PA",28.79
"cz34901","Albuquerque, NM",28.63
"cz10200","Albany, GA",28.58
"cz31700","Corpus Christi, TX",28.32
"cz4401","London, KY",28.2
"cz10801","Tuscaloosa, AL",28.11
"cz23200","Dubuque, IA & IL",28.05
"cz31401","Midland, TX",27.75
"cz11303","Colonial Beach, VA",27.67
"cz22700","Wausau, WI",27.4
"cz17501","Cumberland, MD & WV",27.11
"cz3600","Alexandria, LA",27.08
"cz29800","Aurora, MO",26.31
"cz17300","Staunton, VA",26.11
"cz29503","St. Joseph, KS & MO",26.05
"cz36800","Medford, OR",26.05
"cz11201","Bluefield, VA & WV",25.96
"cz14802","Vincennes, IL & IN",25.96
"cz12902","Mount Sterling, KY",25.93
"cz10102","Thomasville, GA",25.89
"cz38601","Spokane, ID & WA",25.88
"cz6301","McMinnville, TN",25.68
"cz3901","Monroe, LA",25.64
"cz5000","Tupelo, MS",25.38
"cz23802","Clinton, IA",25.35
"cz25200","Henderson, KY",24.94
"cz25701","Cape Girardeau, MO",24.91
"cz21702","Austin, MN",24.81
"cz8701","Hinesville, GA",24.79
"cz6501","Ellijay, GA",24.25
"cz11203","Big Stone Gap, VA",24.21
"cz25500","Centralia, IL",24.15
"cz33500","Texarkana, AR & TX",24.13
"cz16801","Beckley, WV",24
"cz32601","Wichita Falls, TX",23.99
"cz28001","Sioux City, IA & NE & SD",23.96
"cz5800","Dickson, TN",23.5
"cz25900","Jonesboro, AR",23.39
"cz26801","Fargo, MN & ND",23.36
"cz12302","Petoskey, MI",23.05
"cz6402","Crossville, TN",23.01
"cz21201","Hutchinson, MN",22.98
"cz30903","Amarillo, TX",22.85
"cz1204","Andrews, GA & NC",22.64
"cz1201","Franklin, GA & NC",22.54
"cz1301","Bennettsville, SC",22
"cz3700","Lake Charles, LA",21.91
"cz602","Galax, NC & VA",21.8
"cz23301","Charleston, IL",21.74
"cz301","Middlesborough, KY & TN",21.71
"cz12002","Ludington, MI",21.7
"cz25300","Union City, KY & TN",21.69
"cz9500","Talladega, AL",21.64
"cz33601","Lawton, OK",21.58
"cz30200","Muskogee, OK",21.57
"cz16703","Buckhannon, WV",21.38
"cz23700","Galesburg, IL",21.23
"cz17800","Oneonta, NY",21.19
"cz21900","Marshalltown, IA",21.15
"cz23000","Monroe, WI",21.12
"cz33200","Paris, TX",20.86
"cz4601","Campbellsville, KY",20.79
"cz36000","Provo, UT",20.75
"cz17000","Pikeville, KY & WV",20.73
"cz5100","Corinth, MS & TN",20.7
"cz4602","Somerset, KY & TN",20.67
"cz30100","Fort Smith, AR & OK",20.5
"cz31503","Laredo, TX",20.45
"cz35801","Boise City, ID",20.3
"cz27903","Grand Island, NE",20.26
"cz35600","Hilo, HI",19.96
"cz8702","Statesboro, GA",19.86
"cz4902","Dyersburg, TN",19.85
"cz1202","Sylva, NC",19.5
"cz9002","Milledgeville, GA",19.41
"cz23600","Burlington, IA & IL & MO",19.32
"cz32201","Huntsville, TX",19.13
"cz5402","Glasgow, KY & TN",19.11
"cz39000","Yakima, WA",19.08
"cz21801","Mason City, IA",19.04
"cz18300","Watertown, NY",18.96
"cz29403","Bartlesville, KS & OK",18.88
"cz29602","Eldon, MO",18.78
"cz2600","Roanoke Rapids, NC & VA",18.71
"cz37604","Reno, NV",18.69
"cz18201","Olean, NY & PA",18.64
"cz24600","Farmington, MO",18.61
"cz37901","Las Vegas, AZ & NV",18.52
"cz29203","Manhattan, KS",18.43
"cz25000","Quincy, IL & MO",18.37
"cz4302","Searcy, AR",18.12
"cz25800","Blytheville, AR & MO",18.06
"cz10400","Meridian, MS",18
"cz5201","New Albany, MS",17.84
"cz10502","Starkville, MS",17.81
"cz2100","Washington, NC",17.78
"cz39100","Kennewick, OR & WA",17.65
"cz38700","Longview, OR & WA",17.48
"cz18500","Amsterdam, NY",17.45
"cz22300","Ottumwa, IA",17.44
"cz23302","Douglas, IL",17.37
"cz27201","Sioux Center, IA",17.26
"cz12001","Big Rapids, MI",17.13
"cz21102","Amery, WI",16.96
"cz3102","Brookhaven, MS",16.85
"cz10501","Columbus, AL & MS",16.68
"cz31101","Victoria, TX",16.57
"cz12702","Maysville, KY",16.53
"cz10600","Jasper, AL",16.47
"cz30000","Russellville, AR",16.44
"cz4502","Hazard, KY",16.38
"cz32306","Eagle Pass, TX",16.19
"cz29302","Newton, KS",16.01
"cz4702","Clarksdale, MS",15.98
"cz2200","South Boston, VA",15.96
"cz29104","Salina, KS",15.89
"cz2800","Laurel, MS",15.87
"cz32202","Nacogdoches, TX",15.84
"cz32501","Abilene, TX",15.78
"cz18400","Plattsburgh, NY",15.77
"cz25602","Harrisburg, IL",15.75
"cz34001","Hot Springs, AR",15.62
"cz9003","Dublin, GA",15.59
"cz7700","Lake City, FL",15.45
"cz9001","Vidalia, GA",15.4
"cz4003","Ruston, LA",15.29
"cz33700","Ardmore, OK",15.05
"cz31303","Kerrville, TX",14.89
"cz11102","Troy, AL",14.87
"cz20001","Bangor, ME",14.8
"cz4903","Lexington, TN",14.74
"cz8601","Waycross, GA",14.73
"cz33802","Chickasha, OK",14.71
"cz30403","Okmulgee, OK",14.54
"cz8502","Cordele, GA",14.48
"cz24801","Jacksonville, IL",14.38
"cz5300","West Memphis, AR",14.33
"cz18202","St. Marys, PA",14.28
"cz29005","Hutchinson, KS",14.26
"cz26901","Fergus Falls, MN",14.2
"cz22602","Shawano, WI",14.2
"cz10101","Bainbridge, GA",14.13
"cz31202","Burnet, TX",14.13
"cz29504","Sedalia, MO",13.87
"cz28702","Glenwood Springs, CO",13.84
"cz38902","Newport, OR",13.83
"cz21802","Decorah, IA",13.45
"cz24500","Rolla, MO",13.41
"cz8501","Fitzgerald, GA",13.35
"cz38100","Yuma, AZ & CA",13.34
"cz26002","Duluth, MN & WI",13.3
"cz26902","Little Falls, MN",13.19
"cz36600","Redding, CA",13.17
"cz27402","Fort Dodge, IA",13.05
"cz27504","Carroll, IA",13.04
"cz14801","Olney, IL",12.92
"cz24702","Mexico, MO",12.89
"cz28608","Kearney, NE",12.79
"cz25101","Mountain Home, AR & MO",12.7
"cz27102","Marshall, MN",12.61
"cz3203","Vicksburg, LA & MS",12.59
"cz27901","Hastings, NE",12.52
"cz11202","Welch, WV",12.52
"cz25105","Batesville, AR",12.51
"cz27801","Columbus-Norfolk, NE",12.27
"cz27302","Fairmont, IA & MN",12.27
"cz27401","Storm Lake, IA",12.21
"cz4800","Greenville, MS",12.2
"cz3101","McComb, MS",12.19
"cz38402","Pullman, ID & WA",12.16
"cz34504","Missoula, MT",12.15
"cz35201","Grand Junction, CO",12.13
"cz27301","Spencer, IA",12.09
"cz22002","Iowa Falls, IA",12.08
"cz4701","Greenwood, MS",12.05
"cz25103","Harrison, AR",12.04
"cz20301","Berlin, NH & VT",11.95
"cz8201","Barnwell, SC",11.89
"cz12401","Alpena, MI",11.83
"cz9702","Americus, GA",11.68
"cz29401","Ottawa, KS",11.68
"cz27101","Willmar, MN",11.6
"cz26704","Grand Forks, MN & ND",11.57
"cz38502","Wenatchee, WA",11.56
"cz32802","Corsicana, TX",11.51
"cz25702","Poplar Bluff, MO",11.49
"cz27802","Columbus, NE",11.49
"cz21502","Pine City, MN",11.32
"cz31102","La Grange, TX",11.32
"cz27702","Cheyenne, NE & WY",11.18
"cz39203","Bend, OR",11.17
"cz21101","Rice Lake, WI",11.16
"cz4102","Pine Bluff, AR",11.13
"cz26501","Brookings, SD",11.05
"cz26102","Marshall, MO",10.91
"cz28502","Pueblo, CO",10.78
"cz36301","Pocatello, ID",10.59
"cz12402","Grayling charter, MI",10.57
"cz34802","Santa Fe, NM",10.51
"cz11401","Marquette, MI",10.45
"cz27503","Atlantic, IA",10.44
"cz38501","Moses Lake, WA",10.4
"cz25104","Heber Springs, AR",10.4
"cz8402","Washington, GA",10.04
"cz11402","Marinette, MI & WI",10.03
"cz21004","Rhinelander, WI",9.984
"cz39303","Port Angeles, WA",9.899
"cz4004","Many, LA",9.887
"cz32301","San Angelo, TX",9.81
"cz31302","Beeville, TX",9.768
"cz36200","Logan, ID & UT",9.752
"cz16802","Summersville, WV",9.701
"cz16902","Spencer, WV",9.689
"cz29902","Center, MO",9.643
"cz32702","Stephenville, TX",9.63
"cz26101","Moberly, MO",9.585
"cz4103","El Dorado, AR",9.543
"cz26201","Bismarck, ND",9.53
"cz3202","Natchez, LA & MS",9.526
"cz33901","Ada, OK",9.523
"cz36902","Roseburg, OR",9.515
"cz27202","Worthington, IA & MN",9.451
"cz35300","Farmington, CO & NM",9.433
"cz29402","Emporia, KS",9.379
"cz35901","St. George, UT",9.293
"cz34308","Billings, MT",9.293
"cz36700","Eureka, CA",9.266
"cz21600","Brainerd, MN",9.139
"cz27502","Creston, IA",9.056
"cz4501","West Liberty, KY",8.888
"cz26107","Kirksville, MO",8.767
"cz4001","Magnolia, AR",8.737
"cz16701","Elkins, WV",8.623
"cz33801","Elk City, OK",8.617
"cz4101","Crossett, AR",8.595
"cz11002","Atmore, AL",8.543
"cz26701","Bemidji, MN",8.516
"cz31103","Gonzales, TX",8.466
"cz26106","Centerville, IA",8.463
"cz29006","Hays, KS",8.45
"cz29505","Polk, MO",8.437
"cz27902","York, NE",8.412
"cz29201","Hiawatha, KS",8.386
"cz35701","Twin Falls, ID",8.367
"cz28201","Red Oak, IA",8.309
"cz28102","Nebraska City, NE",8.23
"cz21202","Redwood Falls, MN",8.226
"cz3002","Yazoo City, MS",8.15
"cz3001","Kosciusko, MS",7.923
"cz26504","Watertown, SD",7.92
"cz27005","Yankton, NE & SD",7.917
"cz25102","West Plains, AR & MO",7.855
"cz21002","Houghton, MI",7.85
"cz28701","Salida, CO",7.687
"cz28002","West Point, NE",7.673
"cz3201","Jena, LA",7.651
"cz10301","Eufaula, AL & GA",7.442
"cz26412","Williston, ND",7.211
"cz27006","Mitchell, SD",7.178
"cz3902","Lake Providence, LA",7.17
"cz26104","Trenton, MO",7.136
"cz30901","Clovis, NM & TX",6.989
"cz27601","Rapid City, SD",6.969
"cz30502","Enid, OK",6.942
"cz4301","Stuttgart, AR",6.803
"cz31001","Garden City, KS",6.708
"cz34002","Idabel, AR & OK",6.625
"cz34403","Helena, MT",6.535
"cz26304","Minot, ND",6.407
"cz36901","Crescent City, CA & OR",6.389
"cz26502","Madison, SD",6.383
"cz30908","Plainview, TX",6.375
"cz11403","Sault Ste. Marie, MI",6.311
"cz38802","The Dalles, OR & WA",6.27
"cz29303","Winfield, KS",6.225
"cz29003","Dodge City, KS",6.179
"cz29004","Great Bend, KS",6.122
"cz35702","Burley, ID",6.118
"cz26103","Brookfield, MO",6.113
"cz34402","Bozeman, MT",6.053
"cz30801","Hobbs, NM & TX",6.04
"cz34503","Kalispell, MT",6.026
"cz28609","Lexington, NE",5.829
"cz33602","Altus, OK",5.802
"cz27007","Huron, SD",5.751
"cz29506","Bethany, MO",5.64
"cz21001","Ashland, WI",5.482
"cz10802","Demopolis, AL",5.465
"cz26703","Thief River Falls, MN",5.437
"cz32701","Brownwood, TX",5.362
"cz30904","Pampa, TX",5.329
"cz26410","Dickinson, ND",5.267
"cz20002","Calais, ME",5.183
"cz34603","Casper, WY",5.103
"cz34102","Anchorage, AK",5.096
"cz30701","Roswell, NM",5.015
"cz35401","Flagstaff, AZ & UT",4.975
"cz29202","Marysville, KS",4.914
"cz31502","Pearsall, TX",4.913
"cz28306","North Platte, NE",4.848
"cz26601","Milbank, MN & SD",4.806
"cz29102","Superior, NE",4.658
"cz20003","Presque Isle, ME",4.64
"cz32602","Graham, TX",4.633
"cz32402","Sweetwater, TX",4.614
"cz31004","Liberal, KS & OK",4.612
"cz34404","Butte-Silver Bow, MT",4.603
"cz31007","Dumas, TX",4.542
"cz28703","Granby, CO",4.472
"cz27701","Scottsbluff, NE",4.459
"cz30902","Littlefield, TX",4.444
"cz26605","Aberdeen, SD",4.308
"cz32401","Big Spring, TX",4.298
"cz32403","Snyder, TX",4.207
"cz36303","Jackson, ID & WY",4.161
"cz26105","Polk, MO",4.158
"cz30501","Woodward, OK",4.119
"cz31002","Ulysses, KS",4.07
"cz34203","Great Falls, MT",3.946
"cz27008","Parkston, SD",3.838
"cz27011","Pierre, SD",3.833
"cz31501","Crystal City, TX",3.759
"cz38602","Colville, WA",3.736
"cz26803","Jamestown, ND",3.682
"cz33603","Frederick, OK",3.658
"cz29103","Beloit, KS",3.635
"cz31005","Perryton, TX",3.577
"cz29001","Pratt, KS",3.568
"cz34501","Bonners Ferry, ID",3.557
"cz26001","Roseau, MN",3.528
"cz28704","Laramie, CO & WY",3.511
"cz29101","Concordia, KS",3.495
"cz28607","McCook, NE",3.471
"cz28602","Norton, KS",3.415
"cz26411","Sidney, MT & ND",3.331
"cz21003","Ironwood, MI & WI",3.319
"cz39201","La Grande, OR",3.308
"cz26602","Sisseton, SD",3.288
"cz32302","Brady, TX",3.277
"cz32604","Vernon, TX",3.203
"cz34601","Gillette, WY",3.177
"cz36402","Vernal, UT",3.094
"cz35902","Price, UT",3.087
"cz38401","Lewiston, ID & WA",2.905
"cz32305","Del Rio, TX",2.882
"cz28302","Ogallala, CO & NE",2.877
"cz35500","Gallup, AZ & NM",2.855
"cz26303","Turtle Mountain UT, ND",2.832
"cz30602","Alamogordo, NM",2.785
"cz31402","Pecos, TX",2.768
"cz28603","Phillipsburg, KS",2.761
"cz35002","Safford, AZ",2.704
"cz27703","Torrington, WY",2.696
"cz36501","Klamath Falls, CA & OR",2.638
"cz26301","Devils Lake, ND",2.636
"cz26702","Grafton, MN & ND",2.614
"cz28301","Sterling, CO",2.593
"cz26802","Lisbon, ND",2.585
"cz32304","Uvalde, TX",2.561
"cz37603","Portola, CA",2.39
"cz31006","Guymon, KS & OK & TX",2.356
"cz36403","Soda Springs, ID",2.345
"cz34805","Alamosa, CO",2.295
"cz36401","Steamboat Springs, CO",2.273
"cz30905","Wellington, TX",2.268
"cz30604","Deming, NM",2.232
"cz29007","Township 11, KS",2.212
"cz31003","Scott City, KS",2.206
"cz35802","Ontario, ID & OR",2.196
"cz26302","Carrington, ND",2.191
"cz35202","Gunnison, CO",2.185
"cz28604","Colby, KS",2.162
"cz34303","Riverton, WY",2.161
"cz27002","Ord, NE",2.145
"cz32502","Childress, TX",2.125
"cz27001","O'Neill, NE",2.104
"cz26604","Mobridge, SD",2.102
"cz34304","Sheridan, MT & WY",2.062
"cz34301","Cody, WY",2.019
"cz31304","Mason, TX",1.994
"cz36404","Rock Springs, UT & WY",1.99
"cz26004","International Falls, MN",1.987
"cz26003","West Cook UT, MN",1.982
"cz34502","Libby, MT",1.956
"cz28605","Goodland, KS",1.943
"cz27004","Winner, SD",1.9
"cz32603","Seymour, TX",1.826
"cz34801","Las Vegas, NM",1.72
"cz27009","Chamberlain, SD",1.687
"cz28305","Broken Bow, NE",1.672
"cz26804","Cooperstown, ND",1.656
"cz34202","Shelby, MT",1.646
"cz35402","Cortez, CO & UT",1.638
"cz34302","Worland, WY",1.551
"cz35904","Richfield, UT",1.496
"cz34109","Juneau, AK",1.491
"cz26409","Glendive, MT & ND",1.442
"cz28601","Oberlin, KS",1.434
"cz26305","Rugby, ND",1.398
"cz35903","Moab, UT",1.371
"cz32303","Junction, TX",1.358
"cz30906","Memphis, TX",1.357
"cz27605","Mission, SD",1.347
"cz29008","Center, KS",1.342
"cz27012","Gettysburg, SD",1.339
"cz28606","Wano, KS & NE",1.306
"cz32503","Haskell, TX",1.302
"cz28503","Trinidad, CO",1.285
"cz29002","Coldwater, KS",1.265
"cz26407","Plentywood, MT",1.259
"cz34305","Miles City, MT",1.251
"cz34201","Havre, MT",1.25
"cz37903","Mammoth Lakes, CA",1.233
"cz26402","Baker, MT",1.233
"cz27704","Gordon, NE & SD",1.213
"cz26406","Wolf Point, MT",1.144
"cz35803","McCall, ID",1.104
"cz31403","Fort Stockton, TX",1.074
"cz27010","Miller, SD",1.072
"cz26403","Bowman, ND",1.04
"cz26203","Linton, ND",1.038
"cz34111","Ketchikan, AK",1.033
"cz34602","Rawlins, WY",1.015
"cz37601","Elko, NV",1.008
"cz34204","Lewistown, MT",0.9779
"cz28504","Burlington, CO",0.9776
"cz34108","Kodiak, AK",0.944
"cz27003","Ainsworth, NE",0.9428
"cz39202","Enterprise, OR",0.91
"cz34114","Unalaska, AK",0.9056
"cz34104","Bristol Bay, AK",0.8892
"cz26204","Steele, ND",0.8859
"cz30603","Truth or Consequences, NM",0.8615
"cz34401","Dillon, MT",0.8322
"cz26404","Lemmon, ND & SD",0.801
"cz34110","Sitka, AK",0.7891
"cz28402","Limon, CO",0.7689
"cz26202","East Grant UT, ND",0.7462
"cz26603","East Corson UT, ND & SD",0.7447
"cz37602","Winnemucca, NV",0.7162
"cz28501","Springfield, CO",0.7112
"cz28303","Oshkosh, NE",0.7053
"cz27602","Eagle Butte, SD",0.7043
"cz31404","Alpine, TX",0.6756
"cz34803","Tucumcari, NM",0.6668
"cz26405","Scobey, MT",0.6325
"cz27603","Southwest Jackson UT, SD",0.6183
"cz39205","John Day, OR",0.617
"cz27604","Murdo, SD",0.6146
"cz26408","Glasgow, MT",0.598
"cz34307","Colstrip, MT",0.5769
"cz36302","Salmon, ID",0.5413
"cz28304","Valentine, NE",0.5407
"cz34902","Socorro, NM",0.5345
"cz34604","Lusk, WY",0.5072
"cz35905","Loa, UT",0.499
"cz39204","Condon, OR",0.4977
"cz30907","Matador, TX",0.477
"cz34804","Clayton, NM",0.4653
"cz34309","Harlowton, MT",0.4338
"cz37902","Reno, NV",0.4226
"cz30702","Santa Rosa, NM",0.4226
"cz36503","Lakeview, OR",0.3776
"cz34101","Sand Point, AK",0.2983
"cz36502","Burns, OR",0.29
"cz34115","Fairbanks, AK",0.2643
"cz30605","Van Horn, TX",0.2539
"cz26401","Ekalaka, MT & SD",0.2329
"cz34112","Bethel, AK",0.2058
"cz34106","Nome, AK",0.1581
"cz34306","Jordan, MT",0.1576
"cz34103","Valdez, AK",0.1298
"cz34105","Kotzebue, AK",0.0721
"cz34107","Dillingham, AK",0.0581
"cz34113","Barrow, AK",0.0425